gene	baseMean	log2FoldChange	lfcSE	stat	pvalue	padj
ENSG00000160191	76936.12660810276	3.072352782387639	0.1557519917372178	19.72592933239186	1.291617107901485e-86	2.957803177094401e-84
ENSG00000154734	22865.08587234664	3.4423556548731975	0.1798335392052625	19.141900171046977	1.130703099692619e-81	1.2946550491480487e-79
ENSG00000154723	7343.923805520739	2.582672185520165	0.1643129512207224	15.71800741410121	1.1384818880045155e-55	8.690411745101134e-54
ENSG00000180509	30231.9151483861	2.9441365118997394	0.20051340802288697	14.682990733286475	8.28539397745716e-49	4.743388052094224e-47
ENSG00000183145	9994.793645894062	2.891493528591818	0.2492673230575807	11.599970237269662	4.122215831589854e-31	1.887974850868153e-29
ENSG00000276289	11795.933473459085	2.860490729462358	0.46501349021260985	6.151414506608199	7.679491953097785e-10	2.931006095432321e-8
ENSG00000277277	724.5052256606184	0.9286736405344421	0.2637873527573639	3.5205389144969805	4.306707930065996e-4	0.014089087371215902
